<?xml version="1.0" encoding="UTF-8"?>
<!DOCTYPE mapper PUBLIC "-//mybatis.org//DTD Mapper 3.0//EN" "http://mybatis.org/dtd/mybatis-3-mapper.dtd">
<mapper namespace="com.dodou.scaffold.dao.mapper.GoodsMapper">
    <resultMap id="BaseResultMap" type="com.dodou.scaffold.dao.model.Goods">
        <id column="goods_id" property="goodsId"/>
        <result column="goods_title"  property="goodsTitle"/>
        <result column="goods_label"  property="goodsLabel"/>
        <result column="goods_img"  property="goodsImg"/>
        <result column="goods_content"  property="goodsContent"/>
        <result column="goods_type"  property="goodsType"/>
        <result column="goods_time"  property="goodsTime"/>
        <collection property="setmealinfo" column="goods_id" ofType="com.dodou.scaffold.dao.model.Goods" select="selectSetmeal"/>
    </resultMap>
    <sql id="Base_Column_List">
        goods_id, goods_title, goods_label, goods_img, goods_content, goods_type, goods_time
    </sql>
    <select id="selectGoodsByInfo" resultMap="BaseResultMap" parameterType="com.dodou.scaffold.dao.model.Goods">
        select *from goods
        <where>
            <if test="goods.goodsType!=''and goods.goodsType!=null">
                goods_type=#{goods.goodsType}
            </if>
            <if test="goods.goodsId!='' and goods.goodsId!=null">
                and goods_id=#{goods.goodsId}
            </if>
            <if test="goods.times!=''and goods.times!=null">
                <![CDATA[and (DATE_FORMAT(goods_time, '%Y-%m-%d') <= DATE_FORMAT( #{goods.times}, '%Y-%m-%d'))]]>
            </if>
        </where>

    </select>
    <select id="selectSetmeal" resultType="com.dodou.scaffold.dao.model.Setmeal" parameterType="com.dodou.scaffold.dao.model.Goods">
       select *from setmeal where goods_id=#{goods.goodsId}
    </select>
</mapper>