<?xml version="1.0" encoding="UTF-8"?>
<!DOCTYPE mapper PUBLIC "-//mybatis.org//DTD Mapper 3.0//EN" "http://mybatis.org/dtd/mybatis-3-mapper.dtd">
<mapper namespace="com.dodou.scaffold.dao.mapper.ProductMapper">

    <!-- 通用查询映射结果 -->
    <resultMap id="BaseResultMap" type="com.dodou.scaffold.dao.model.ProductInfo">
        <id column="product_id" property="productId"/>
        <result column="product_name" property="productName"/>
    </resultMap>
    <!-- 查询全部信息 -->
    <resultMap id="BaseResultMap2" type="com.dodou.scaffold.dao.model.ProductInfo">
        <id column="product_id" property="productId"/>
        <result column="product_name" property="productName"/>
        <collection property="listPicture" column="product_id" ofType="com.dodou.scaffold.dao.model.ProductInfo"
                    select="selectPictureByProductId"/>
    </resultMap>

    <resultMap id="BaseResultMap3" type="com.dodou.scaffold.dao.model.PictureInfo">
        <id column="product_id" property="productId"/>
        <result column="picture_id" property="pictureId"/>
        <result column="picture_url" property="pictureUrl"/>
    </resultMap>
    <select id="selectProductByName" parameterType="com.dodou.scaffold.dao.model.ProductInfo"
            resultMap="BaseResultMap2">
        select *
        from product_info
        where product_name = #{productName};
    </select>
    <select id="selectPictureByProductId" parameterType="com.dodou.scaffold.dao.model.PictureInfo"
            resultMap="BaseResultMap3">
        select *
        from picture_info
        where product_id = #{productId};
    </select>
<!--用语句查询全部-->
    <resultMap id="BaseResultMap4" type="com.dodou.scaffold.dao.model.ProductInfo">
        <id column="product_id" property="productId"/>
        <result column="product_name" property="productName"/>
        <collection property="listPicture" column="productId" javaType="list" ofType="com.dodou.scaffold.dao.model.PictureInfo" >
            <id column="picture_id" property="pictureId"/>
            <result column="picture_url" property="pictureUrl"/>
            <result column="product_id" property="productId" />
        </collection>
    </resultMap>


    <select id="selectProducts" resultType="com.dodou.scaffold.dao.model.ProductInfo" resultMap="BaseResultMap4">
        SELECT u.*,a.picture_id,a.picture_url,a.product_id FROM product_info u LEFT OUTER JOIN picture_info a ON u.product_id = a.product_id
    </select>

    <!--查询全部信息-->
    <select id="selectAllProducts" parameterType="com.dodou.scaffold.dao.model.ProductInfo"
            resultMap="BaseResultMap2">
        select *
        from product_info
    </select>
</mapper>
