<?xml version="1.0" encoding="UTF-8"?>
<!DOCTYPE mapper PUBLIC "-//mybatis.org//DTD Mapper 3.0//EN" "http://mybatis.org/dtd/mybatis-3-mapper.dtd">
<mapper namespace="com.dodou.scaffold.dao.mapper.SetmealMapper">
  <resultMap id="BaseResultMap" type="com.dodou.scaffold.dao.model.Setmeal">
    <!--
      WARNING - @mbg.generated
    -->
    <id column="setmeal_id" jdbcType="INTEGER" property="setmealId" />
    <result column="setmeal_name" jdbcType="VARCHAR" property="setmealName" />
    <result column="setmeal_number" jdbcType="INTEGER" property="setmealNumber" />
    <result column="setmeal_price" jdbcType="DECIMAL" property="setmealPrice" />
    <result column="setmeal_freight" jdbcType="DECIMAL" property="setmealFreight" />
    <result column="setmeal_stock" jdbcType="INTEGER" property="setmealStock" />
    <result column="setmeal_time" jdbcType="TIMESTAMP" property="setmealTime" />
    <result column="goods_id" jdbcType="INTEGER" property="goodsId" />
  </resultMap>
  <sql id="Base_Column_List">
    <!--
      WARNING - @mbg.generated
    -->
    setmeal_id, setmeal_name, setmeal_number, setmeal_price, setmeal_freight, setmeal_stock, setmeal_time, goods_id
  </sql>
</mapper>