<?xml version="1.0" encoding="UTF-8"?>
<!DOCTYPE mapper PUBLIC "-//mybatis.org//DTD Mapper 3.0//EN" "http://mybatis.org/dtd/mybatis-3-mapper.dtd">
<mapper namespace="com.dodou.scaffold.dao.mapper.StuMapper">
  <resultMap id="BaseResultMap" type="com.dodou.scaffold.dao.model.Stu">
    <id column="stu_id" jdbcType="INTEGER" property="stuId" />
    <result column="stu_name" jdbcType="VARCHAR" property="stuName" />
    <collection property="fractions" column="stu_id" ofType="com.dodou.scaffold.dao.model.Stu" select="selectFractions"/>
  </resultMap>
  <sql id="Base_Column_List">
    stu_id, stu_name
  </sql>

  <select id="selectAll" resultMap="BaseResultMap">
    select *from stu
  </select>
  <select id="selectFractions" resultType="com.dodou.scaffold.dao.model.Fraction" parameterType="java.lang.Integer">
    SELECT *from fraction where stu_id=#{stuId}
  </select>


  <insert id="insertByList" parameterType="java.util.List">
    insert into stu (stu_name) values
    <foreach collection="stuList" item="stuName" index="index" separator=",">
      (#{stuName.stuName,jdbcType=VARCHAR} )
    </foreach>
  </insert>
</mapper>