<?xml version="1.0" encoding="UTF-8"?>
<!DOCTYPE mapper PUBLIC "-//mybatis.org//DTD Mapper 3.0//EN" "http://mybatis.org/dtd/mybatis-3-mapper.dtd">
<mapper namespace="com.dodou.scaffold.dao.mapper.UserMapper">

    <!-- 通用查询映射结果 -->
    <resultMap id="BaseResultMap" type="com.dodou.scaffold.dao.model.UserInfo">
        <id column="user_id" property="userId"/>
        <result column="user_name" property="userName"/>
        <result column="password" property="password"/>
        <result column="recommendation_code" property="recommendationCode"/>
        <result column="parent_id" property="parentId"/>
        <result column="registration_time" property="registrationTime"/>
    </resultMap>
    <!-- 8-31 -->
    <select id="getAllByTime" resultMap="BaseResultMap">
        select * from user_info
        <where>
        <if test="param.userName!='' and param.userName!=null  ">
            and user_name=#{param.userName}
        </if>
        <if test=" param.recommendationCode!='' and param.recommendationCode!=null">
            and recommendation_code=#{param.recommendationCode}
        </if>

        <if test="param.startTime!=''and param.startTime!=null ">
            <![CDATA[and (DATE_FORMAT(registration_time, '%Y-%m-%d') >= DATE_FORMAT( #{param.startTime}, '%Y-%m-%d'))]]>

        </if>

        <if test="param.endTime!=''and param.endTime!=null">
            <![CDATA[and (DATE_FORMAT(registration_time, '%Y-%m-%d') <= DATE_FORMAT( #{param.endTime}, '%Y-%m-%d'))]]>
        </if>
    </where>
    </select>
    <!-- 通用查询映射结果 -->
    <resultMap id="NodesResultMap" type="com.dodou.scaffold.dao.model.UserInfo">
        <id column="user_id" property="userId"/>
        <result column="user_name" property="userName"/>
        <result column="password" property="password"/>
        <result column="recommendation_code" property="recommendationCode"/>
        <result column="parent_id" property="parentId"/>
        <result column="registration_time" property="registrationTime"/>
        <collection property="nodes" column="user_id" ofType="com.dodou.scaffold.dao.model.UserInfo" select="selectNodes"/>
    </resultMap>


    <select id="getAllNodes" parameterType="com.dodou.scaffold.dao.model.UserInfo" resultMap="NodesResultMap">
        select *
        from user_info
        where user_name = #{userName};
    </select>

    <select id="selectNodes" parameterType="com.dodou.scaffold.dao.model.UserInfo" resultMap="NodesResultMap">
        select *
        from user_info
        where parent_id = #{userId};
    </select>

    <select id="selectUser" parameterType="com.dodou.scaffold.dao.model.UserInfo" resultType="java.lang.Integer">
        select count(*)
        from user_info
        where user_name = #{userName} and password=#{password};
    </select>
    <select id="selectUserName" parameterType="com.dodou.scaffold.dao.model.UserInfo" resultType="java.lang.Integer">
        select count(*)
        from user_info
        where user_name = #{userName};
    </select>
    <select id="selectAll" parameterType="com.dodou.scaffold.dao.model.UserInfo"
            resultType="com.dodou.scaffold.dao.model.UserInfo">
        select *
        from user_info
        where recommendation_code = #{recommendationCode};
    </select>
    <select id="recursion" parameterType="com.dodou.scaffold.dao.model.UserInfo"
            resultType="com.dodou.scaffold.dao.model.UserInfo">
         select * from (
              select t1.*,if(find_in_set(parent_id, @pids) > 0, @pids := concat(@pids, ',', user_id), 0) as ischild
              from (select * from user_info t  order by parent_id, user_id) t1, (select @pids := #{id}) t2
             ) t3 where ischild != 0 ;
    </select>
</mapper>
